Taxon,PA1,PS4,PS5,PS6,PS7,PS9
unclassified,11366.59724299,743.94881335,1601.44770873,894.55079908,16968.57825078,842.20065346
